post_id,text,post_text,time
3177324002306890,"Patrick Raharimanana
June 15 at 4:12 PM Â·
Mety mahasoa anao: Ahoana no ahafantarana fa maty ny batterie na ny alternateur no tsy mi charge
Mihamangatsiaka izao ny andro. Na ny fiara, na ny moto dia matetika mamotsotra ny dÃ©marreur rehefa maraina ny andro, tsy mamaly ny batterie.
1- Test klaxon na jiro
Ny batterie n'ny fiara na moto matetika dia courant continue 12V. Tokony maharitra 3-4 taona eo ny batterie tsara, fa eo amin'ny 1 taona eo matetika ny batterie amidy eto Madagasikara, ireny batterie charge Ã  sec ireny, izany hoe rehefa mividy azy, vao asiana asidra, dia tsy mila charger na fa avy dia mandeha tsikelikely ny charge.
Raha natory indray alina izy, dia tokony eo amin'ny 12.6V eo raha tester amin'ny multimÃ¨tre position Voltâ€¦",,2020-06-16 07:14:30
3174800782559212,"Ny any ivelany ğŸ˜‚
Je Crois Pas
November 23, 2019 at 4:50 PM Â·
Maro video fa ity iray ity tena trop ğŸ˜‚ğŸ˜‚ğŸ˜‚
Azo alaina tahaka ity ho an'izay matahotra hiampita arabe ireny ğŸ˜‚",Ny any ivelany ğŸ˜‚,2020-06-15 07:54:00
3183991918306765,"Vahoaka Malagasy
1 hr Â·",,2020-06-18 18:21:29
,,,
3183577338348223,"Miala tsiny fa tsy mahalala dia manontany :
Possible ve hoe retirer-na aminao ny carte grise-nao nefa tsy nahazo contravention ianao na taratasy fanamarinana ny nangalana ny carte-grise nao?
Toy izao ilay tranga : monina eo ankadifotsy eo amin'ny parking prÃ¨s Rafidison eo ilay fiara (efa ho 12 ans zay). Gaga aho raha nisy niantso tao an-trano fa nisy polisy sy Ã©lÃ©ments an'ny commune nanisy ireny fi-bloquÃ©na pneus miloko mavo ireny ilay fiara. Tsy mandÃ  ny fanasaziana ny tenako raha toa nisy fahadisoana saingy kosa tsy mazava amiko hoe maninona no napetraka ilay izy satria sady tsy misy panneaux ilay toerana no tsy misy marquage au sol no tsy misy horodateur ihany koa eo. Efa misy laminaâ€¦ More","Miala tsiny fa tsy mahalala dia manontany :
Possible ve hoe retirer-na aminao ny carte grise-nao nefa tsy nahazo contravention ianao na taratasy fanamarinana ny nangalana ny carte-grise nao?
Toy izao ilay tranga : monina eo ankadifotsy eo amin'ny parking prÃ¨s Rafidison eo ilay fiara (efa ho 12 ans zay). Gaga aho raha nisy niantso tao an-trano fa nisy polisy sy Ã©lÃ©ments an'ny commune nanisy ireny fi-bloquÃ©na pneus miloko mavo ireny ilay fiara. Tsy mandÃ  ny fanasaziana ny tenako raha toa nisy fahadisoana saingy kosa tsy mazava amiko hoe maninona no napetraka ilay izy satria sady tsy misy panneaux ilay toerana no tsy misy marquage au sol no tsy misy horodateur ihany koa eo. Efa misy laminaâ€¦ More",2020-06-18 15:01:53
3183654435007180,"Rallye updated their cover photo.
6 hrs Â·",,2020-06-18 15:40:49
3183497195022904,"Rallye
6 hrs Â·
504 pickup
1990 24eme grand rallye de Madagascar
Haja Danielson - Jimmy Razakasoa",,2020-06-18 14:19:41
3178903742148916,,,2020-06-16 21:19:11
3183714745001149,"Ny Vaovaon'i KOLO TV
8 hrs Â·
SAMBAVA: Â« Infirmier libre Â» mbola mitady poste no sady mpampianatra amin'ny sekoly tsy miankina sarona nangalatra Motoâ€¦ nahantonâ€™ny olona tamin'ny tadyâ€¦
Anio hariva, aminâ€™ny fampahalalam-baovaonâ€™ny KOLO TV ny andininy mahakasika ity tranga ity.",,2020-06-18 16:11:33
3181950088510948,Misokatra hono lalana national rht ankoatrany analamanga Tamatave moramanga.???,Misokatra hono lalana national rht ankoatrany analamanga Tamatave moramanga.???,2020-06-17 23:18:44
3182634488442508,"Rallye
14 hrs Â·
i Joda , iza no Mahalala azy ????
Champion t@ nitondra Opel Ascona izy teto
Itatsika tsy latsa-danja iany koa ny R18
Araho @ alalany j'aime ny pejy",,2020-06-18 05:38:45
3181306681908622,"Rallye
Yesterday at 3:05 PM Â·
Iza no mba Nahalala an'i MAURICE BE ?
Araho @ alalan'ny j'aime pejitsika",,2020-06-17 18:07:36
3179361058769851,"Patrick Raharimanana
June 16 at 5:09 PM Â·
Toaka Gasy: Nankatoavinâ€™ny Antenimieram-pirenena ny hamokarana sy hivarotana azy
Solombavambahoaka miisa 72 no nandany tsy nasiam-panovana ny tolo-dalÃ na laharana faha 03/2019 mikasika ny famokarana sy fivarotana ny toaka gasy, natolotry ny Solombavambahoaka voafidy tao Ikongo, sady Filoha lefitry ny Antenimieram-pirenena misahana ny Faritany Fianarantsoa, Razafitsiandraofa Jean Brunel, ny talata 16 jona 2020 folakandro teny aminâ€™ny CCI Ivato.
Ho fampanarahan-dalÃ na sy fampanaraham-penitra ireo fepetra famokarana sy famarotana ny toaka gasy, no antony ary heverina fa hanana anjara toerana eo aminâ€™ny lafiny ara-toekarena sy ho fanandratana ny Â« Vita malagasy Â», hoy ireo nandany ity tolo-dalÃ na ity.
Raha tsy misy fiovana dia ny 23 jona izao no handalo ny fivoriana itambarabe eo anivonâ€™ny Antenimierandoholona ity tolo-dalÃ na ity.
(Sary nindramina)
gasypatriote@gmail.com
www.gasypatriote.com
Copyright Â© GasyPatriote",,2020-06-17 01:06:29
3178204648885492,Fanambaniana sy fanaovana tsinotsinona tsy misy ohatran'izany. Raha nandeha nilahatra permis tao amin;ny CIM Ambohidahy androany ny tenanay dia tonga tany tamin'ny 7ora sy sasany teo ho eo ho eo. Efa lava dia lava ny filaharana ary misy tamin;ireo olona nilahatra no mety efa tamin;ny 5 maraina no efa tonga teo na talohan'izany. Ny tonga tany aorinako koa dia mbo betsaka. Rehefa tonga ny tamin'ny 11 ora sy sasany dia nasaina niparitaka sy nandeha nody daholo ny mpilahatra teo dia izao no nolazaina hoe tapitra ny fandraisana androany fa rahampitso indray. miverina. Fahasorenana tsy nisy toy izany ny an'ny rehetra teo. Angaha ary tsy azo noferana hoe 100 isa ihany na 50 no raisina androany dia tsy nasaina nilahatra intsony izay tonga tao aorinan'izay. Izaho izany dia adiny efatra no nilahatra nefa tsy voaray. Ny tonga teo alohako aza moa mbola be dia be no tsy voaray ka nalefa nody fotsiny. Tena mba hafa kely ilay fomba fiasa e,Fanambaniana sy fanaovana tsinotsinona tsy misy ohatran'izany. Raha nandeha nilahatra permis tao amin;ny CIM Ambohidahy androany ny tenanay dia tonga tany tamin'ny 7ora sy sasany teo ho eo ho eo. Efa lava dia lava ny filaharana ary misy tamin;ireo olona nilahatra no mety efa tamin;ny 5 maraina no efa tonga teo na talohan'izany. Ny tonga tany aorinako koa dia mbo betsaka. Rehefa tonga ny tamin'ny 11 ora sy sasany dia nasaina niparitaka sy nandeha nody daholo ny mpilahatra teo dia izao no nolazaina hoe tapitra ny fandraisana androany fa rahampitso indray. miverina. Fahasorenana tsy nisy toy izany ny an'ny rehetra teo. Angaha ary tsy azo noferana hoe 100 isa ihany na 50 no raisina androany dia tsy nasaina nilahatra intsony izay tonga tao aorinan'izay. Izaho izany dia adiny efatra no nilahatra nefa tsy voaray. Ny tonga teo alohako aza moa mbola be dia be no tsy voaray ka nalefa nody fotsiny. Tena mba hafa kely ilay fomba fiasa e,2020-06-16 15:53:46
3182753548430602,,,2020-06-18 06:43:57
3179988475373776,"Bonjour ny membre rehetra,tratran'ny contravention tam omaly talata ,motifs zany dÃ©faut prÃ©sentation permis sy assurance d mety otrino ny amende amzany ,azafad????
Moto ilay izy","Bonjour ny membre rehetra,tratran'ny contravention tam omaly talata ,motifs zany dÃ©faut prÃ©sentation permis sy assurance d mety otrino ny amende amzany ,azafad????
Moto ilay izy",2020-06-17 06:22:14
3182938865078737,"Rallye
11 hrs Â·
Lancia Delta IntÃ©grale
1995 , 2 Ã¨me grand rallye de Papmad Madagascar
GÃ©rard Alcazar Raharinosy - Val Ralitera",,2020-06-18 08:32:32
3183462438359713,"Vahoaka Malagasy
6 hrs Â·",,2020-06-18 14:00:33
,,,
3181043585268265,"Rallye
Yesterday at 1:00 PM Â·
Peugeot 403 Rallye Madagascar 1960
Araho @ alalan'ny j'aime ny pejy fa ho itanao ny rallye teto Madagasikara atram'izay",,2020-06-17 16:02:20
3183528601686430,,,2020-06-18 14:37:19
3177073638998593,Manao prÃ©sence kely izay efa nitaingina ğŸ˜Š âœ‹,Manao prÃ©sence kely izay efa nitaingina ğŸ˜Š âœ‹,2020-06-16 04:51:13
